User_ID,Age,Gender,Daily_Screen_Time_Hours,Number_of_Apps_Used,Social_Media_Usage_Hours,Productivity_App_Usage_Hours,Gaming_App_Usage_Hours,Location
1,56,Male,7.38,24,4.43,0.55,2.4,Los Angeles
2,46,Male,11.52,18,4.67,4.42,2.43,Chicago
3,32,Female,9.12,11,4.58,1.71,2.83,Houston
4,25,Female,11.18,21,3.18,3.42,4.58,Phoenix
5,38,Male,7.28,14,3.15,0.13,4,New York
6,56,Female,7.73,21,2.02,3.45,2.26,Chicago
7,36,Male,8.93,24,3.76,1.58,3.59,Los Angeles
8,40,Male,5.87,11,2.66,0.28,2.93,Chicago
9,28,Male,8.9,9,3.39,3.05,2.46,Phoenix
10,28,Male,4.3,16,2.14,1.2,0.96,New York
11,41,Female,7.91,21,3.66,1.93,2.32,Chicago
12,53,Female,5.75,21,4.12,0.4,1.23,Phoenix
13,57,Female,6.04,4,0.73,0.74,4.57,Los Angeles
14,41,Male,7.33,11,4.16,1.49,1.68,Houston
15,20,Male,7.91,15,2.7,0.45,4.76,Los Angeles
16,39,Male,11.44,17,4.22,4.55,2.67,New York
17,19,Female,5.35,5,2.16,0.03,3.16,Los Angeles
18,41,Male,7.03,13,1.9,2.42,2.71,Los Angeles
19,47,Female,5.85,23,4.58,0.62,0.65,Los Angeles
20,55,Female,4.68,16,1.26,1.54,1.88,Los Angeles
21,19,Female,9.35,27,4.22,4.63,0.5,New York
22,38,Female,6.34,10,2.42,0.81,3.11,Phoenix
23,50,Female,9.63,20,2.57,4.83,2.23,Chicago
24,29,Female,6.46,21,1.54,1.03,3.89,Houston
25,39,Male,7.68,18,2.87,3.71,1.1,Chicago
26,42,Male,5.18,4,1.63,2.73,0.82,Chicago
27,44,Female,6.65,10,0.2,4.42,2.03,Houston
28,59,Female,8.76,24,1.36,2.77,4.63,New York
29,45,Male,6.25,8,0.03,2.67,3.55,Houston
30,33,Female,7.96,14,4.89,0.98,2.09,New York
31,32,Female,8.25,17,4.83,0.83,2.59,Chicago
32,20,Male,6.98,27,1.98,4.58,0.42,New York
33,54,Female,10.2,10,3.64,1.64,4.92,Phoenix
34,24,Female,6.92,6,1.73,1.86,3.33,Houston
35,38,Female,8.59,17,3.36,3.8,1.43,Phoenix
36,26,Male,8.65,22,4.03,1.69,2.93,Chicago
37,56,Male,10.04,27,4.73,4.76,0.55,Houston
38,35,Male,10.52,19,2,3.69,4.83,Chicago
39,21,Female,7.78,15,3.92,2.99,0.87,Phoenix
40,42,Female,8.97,20,1.33,4.4,3.24,Chicago
41,31,Male,6.43,4,4.95,0.25,1.23,Houston
42,26,Female,5.01,15,0.13,1.29,3.59,Houston
43,43,Female,9.23,15,3.02,2.33,3.88,Chicago
44,19,Female,7.8,24,3.3,1.13,3.37,Houston
45,37,Female,10.23,17,3.44,3.72,3.07,Houston
46,45,Female,9.66,22,0.6,4.6,4.46,Chicago
47,24,Male,7.2,29,4.69,2.12,0.39,Phoenix
48,25,Female,4.27,12,0.91,1.71,1.65,Houston
49,52,Male,9.16,5,3.11,4.81,1.24,Houston
50,31,Female,8.27,21,1.11,2.22,4.94,Houston
51,34,Male,5.94,5,1.54,2.45,1.95,Houston
52,53,Female,8.15,24,2.73,1.76,3.66,Chicago
53,57,Male,10.06,16,2.09,4.55,3.42,Phoenix
54,21,Female,4.7,10,0.8,2.84,1.06,Phoenix
55,19,Male,5.85,29,0.85,3.81,1.19,New York
56,23,Female,7.56,25,2.09,4.06,1.41,Houston
57,59,Male,7.56,6,3.79,1.71,2.06,Houston
58,21,Female,7.83,29,4.49,2.17,1.17,New York
59,46,Male,4.76,22,0.42,4.24,0.1,Phoenix
60,35,Male,8.19,13,1.97,1.82,4.4,Los Angeles
61,43,Female,9.3,28,0.5,3.97,4.83,Los Angeles
62,51,Female,6.49,13,0.08,4.7,1.71,Phoenix
63,27,Male,8.12,29,3.31,3.12,1.69,Houston
64,53,Female,6.76,13,3.01,3.71,0.04,Los Angeles
65,31,Male,8.25,4,0.82,4.03,3.4,Chicago
66,48,Male,9.53,19,1.17,4.23,4.13,Chicago
67,32,Male,2.83,11,0.12,1.98,0.73,New York
68,25,Female,5.23,4,4.17,0.26,0.8,Phoenix
69,31,Male,10.83,26,4.87,2.01,3.95,Phoenix
70,40,Male,7.13,17,0.68,3.37,3.08,Los Angeles
71,57,Female,3.63,18,1.16,2.25,0.22,Houston
72,38,Female,11.19,27,4.34,3.74,3.11,Phoenix
73,33,Female,7.95,6,4.63,1.78,1.54,Los Angeles
74,35,Female,7.11,10,2.1,3.17,1.84,Los Angeles
75,41,Male,5.03,11,0.25,0.93,3.85,Phoenix
76,43,Male,8,28,0.2,3.75,4.05,Los Angeles
77,42,Male,7.6,28,2.87,2.73,2,New York
78,58,Male,7.72,7,1.96,1.02,4.74,New York
79,46,Female,3.63,18,0.14,1.46,2.03,Phoenix
80,32,Male,10.52,15,2.92,3.74,3.86,Houston
81,18,Male,4.89,9,0.06,2.41,2.42,New York
82,42,Female,9.51,28,3.94,1.08,4.49,New York
83,24,Male,10.91,22,1.53,4.84,4.54,Phoenix
84,26,Male,4.22,19,0.2,3.58,0.44,Chicago
85,41,Male,12.41,5,2.94,4.79,4.68,Los Angeles
86,18,Male,8.26,7,1.99,2.14,4.13,New York
87,25,Male,11.21,21,4.87,2.38,3.96,Chicago
88,41,Male,8.21,14,2.72,4.49,1,Houston
89,28,Female,8.04,29,1.38,2.63,4.03,Chicago
90,34,Female,11.34,9,3.55,3.54,4.25,Phoenix
91,25,Male,4.07,11,1.36,1.26,1.45,Houston
92,52,Male,11.51,8,4.52,2.23,4.76,Houston
93,52,Female,2.74,28,1.87,0.62,0.25,Chicago
94,50,Male,4.53,19,2.75,1.03,0.75,Phoenix
95,22,Male,2.94,18,0.25,0,2.69,New York
96,59,Male,5.21,25,2.13,0.2,2.88,Chicago
97,56,Female,12.28,5,4.16,4.89,3.23,New York
98,58,Male,5.32,23,4.03,1.21,0.08,Chicago
99,45,Female,9.24,28,1.12,3.32,4.8,New York
100,24,Male,5.55,6,1.13,4.2,0.22,Chicago
101,26,Female,7.56,12,4.09,2.75,0.72,Houston
102,25,Female,5.49,7,4.65,0.77,0.07,Los Angeles
103,29,Male,6.95,23,0.48,3.64,2.83,Houston
104,51,Female,9.91,24,2.25,3,4.66,New York
105,50,Male,8.68,12,1.69,3.66,3.33,Phoenix
106,40,Female,12.31,14,4.35,3.85,4.11,Houston
107,41,Male,5.37,12,0.42,4.88,0.07,Los Angeles
108,54,Male,6.64,15,1.06,2.87,2.71,New York
109,52,Female,7.77,13,3.76,1.71,2.3,Houston
110,57,Male,5.99,24,0.26,3.24,2.49,Chicago
111,39,Male,3.16,18,2.46,0.34,0.36,Phoenix
112,44,Female,10.12,10,2.21,4.49,3.42,New York
113,52,Male,4.79,10,1.67,0.6,2.52,Houston
114,18,Male,7.44,29,1.97,1.64,3.83,New York
115,52,Female,9.16,27,2.65,4.08,2.43,Chicago
116,54,Female,4.55,10,0.81,2.99,0.75,Los Angeles
117,31,Male,8.07,15,2.86,1.97,3.24,Houston
118,20,Male,7.26,29,4.03,2.37,0.86,New York
119,18,Female,12.43,4,3.8,4.27,4.36,New York
120,22,Female,5.54,14,0.77,1.7,3.07,New York
121,43,Male,5.89,12,0.75,4.35,0.79,Los Angeles
122,31,Female,6.59,14,1.34,0.44,4.81,New York
123,56,Male,8.28,13,1.81,3.88,2.59,Phoenix
124,44,Male,6.64,17,2.04,4.24,0.36,Phoenix
125,26,Male,7.44,18,3.4,0.91,3.13,New York
126,32,Male,3.7,19,0.28,2.15,1.27,Phoenix
127,32,Male,5.02,28,0.17,0.83,4.02,Houston
128,43,Female,9.58,4,1.96,3.53,4.09,Phoenix
129,59,Female,11.06,20,3.49,2.68,4.89,New York
130,30,Female,6.66,14,0.97,3.18,2.51,Chicago
131,49,Female,6.46,21,3.21,0.98,2.27,Houston
132,56,Male,6.13,28,1.3,1.06,3.77,Los Angeles
133,49,Male,5.3,25,4.43,0.21,0.66,New York
134,21,Male,8.82,20,4.48,1.61,2.73,Los Angeles
135,47,Male,7.02,19,1.49,2.8,2.73,Chicago
136,54,Female,5.89,8,1.15,4.29,0.45,Los Angeles
137,40,Male,7.48,27,2.06,3.33,2.09,New York
138,56,Male,7.65,17,1.2,2.18,4.27,New York
139,32,Female,12.41,5,3.36,4.77,4.28,Chicago
140,46,Female,8.23,8,4.13,3.6,0.5,New York
141,53,Female,8.47,5,3.37,4.65,0.45,Chicago
142,30,Female,8.07,3,4.12,2.64,1.31,Chicago
143,49,Male,7.64,15,1.98,1.29,4.37,New York
144,24,Male,1.68,23,0.78,0.26,0.64,Phoenix
145,39,Female,10.92,28,3.69,3.63,3.6,Chicago
146,45,Male,2.92,16,1.8,0.61,0.51,New York
147,19,Male,7.99,15,3.36,1.51,3.12,Phoenix
148,59,Male,5.79,29,1.35,2.66,1.78,Chicago
149,23,Female,7.17,6,0.41,2.82,3.94,Phoenix
150,45,Male,9.13,9,4.96,3,1.17,Houston
151,45,Female,4.81,24,0.78,0.83,3.2,Houston
152,37,Male,8.02,12,4.94,1.9,1.18,Phoenix
153,47,Male,11.55,9,4.89,3.09,3.57,Chicago
154,28,Male,13.19,23,3.97,4.85,4.37,New York
155,45,Female,7.57,17,3.3,3.64,0.63,Los Angeles
156,42,Male,11.83,17,2.89,4.61,4.33,New York
157,56,Female,11.11,6,4.33,3.81,2.97,Los Angeles
158,50,Female,5.05,25,1.45,2.96,0.64,Los Angeles
159,18,Female,5.44,25,2.34,0.96,2.14,Chicago
160,44,Male,7.23,8,3.1,3.33,0.8,Phoenix
161,30,Male,8.68,26,2.06,3.12,3.5,New York
162,58,Male,8.94,22,2.14,3.01,3.79,Phoenix
163,20,Male,4.63,28,1.65,2.45,0.53,Houston
164,56,Female,7.99,7,2.82,2.64,2.53,Chicago
165,23,Female,9.99,22,4.25,1.67,4.07,Chicago
166,25,Female,8.29,14,1.01,2.6,4.68,Houston
167,44,Male,8.23,3,4.67,0.99,2.57,New York
168,26,Female,12.23,10,3.45,4.03,4.75,Houston
169,54,Male,7.73,3,4.12,0.93,2.68,New York
170,50,Female,5.17,7,2.78,0.42,1.97,Los Angeles
171,59,Male,10.32,24,3.9,2.18,4.24,Chicago
172,41,Male,5.83,8,0.08,3.29,2.46,New York
173,32,Female,8.64,23,4.09,2.19,2.36,Phoenix
174,49,Female,4.03,5,0.2,1.38,2.45,Phoenix
175,49,Female,11.47,17,4.45,2.79,4.23,Chicago
176,41,Female,10.86,7,4.96,1.74,4.16,Houston
177,58,Male,8.15,26,1.47,4.66,2.02,Houston
178,29,Female,7.33,16,1.05,4.61,1.67,New York
179,56,Female,8.8,20,3.83,2.51,2.46,Houston
180,19,Female,5.77,18,1.27,1.64,2.86,Chicago
181,20,Male,9.21,8,4.33,3.69,1.19,New York
182,54,Male,4.66,27,0.51,0.18,3.97,Los Angeles
183,34,Female,5.43,26,0.63,2.37,2.43,Houston
184,19,Male,8.25,16,4.9,1.68,1.67,Houston
185,19,Female,8.5,29,3.37,4.6,0.53,New York
186,45,Male,5.48,26,4.23,0.06,1.19,Phoenix
187,40,Male,9.13,10,1.62,2.76,4.75,Houston
188,54,Male,8.61,9,3.38,3.7,1.53,Chicago
189,49,Male,6.24,10,2.97,2.43,0.84,Houston
190,50,Female,5.75,15,3.02,0.43,2.3,Los Angeles
191,18,Female,9.81,8,3.41,4.86,1.54,Houston
192,36,Female,5.65,20,2.88,2.59,0.18,Phoenix
193,19,Male,6.84,4,2.15,3.07,1.62,Houston
194,43,Female,5.28,10,1.38,1.18,2.72,New York
195,49,Female,9.02,13,3.84,2.42,2.76,Houston
196,23,Female,5.06,3,1.13,2.15,1.78,Phoenix
197,49,Male,6.07,24,3.46,0.37,2.24,New York
198,21,Male,6.53,8,1.17,0.53,4.83,Chicago
199,28,Male,9.21,18,3.13,4.19,1.89,New York
200,34,Female,6.23,29,3.74,1.2,1.29,Los Angeles
201,55,Female,3.28,22,1.09,0.97,1.22,New York
202,41,Female,5.11,14,0.3,2.52,2.29,Chicago
203,22,Male,8.29,13,0.65,3.84,3.8,Houston
204,51,Male,4.37,29,3.03,0.31,1.03,New York
205,23,Female,10.68,12,4.25,2.88,3.55,New York
206,39,Male,0.93,5,0.22,0.6,0.11,New York
207,28,Male,5.94,15,3.67,0.18,2.09,New York
208,33,Male,5.85,29,1.71,0.26,3.88,Chicago
209,50,Male,8.25,5,2.39,4.17,1.69,Phoenix
210,26,Female,8.05,17,4.64,0.59,2.82,Phoenix
211,23,Male,2.91,18,1.66,0.23,1.02,New York
212,33,Male,8.23,15,2.33,2.19,3.71,Chicago
213,46,Male,4.55,19,0.07,4.22,0.26,Chicago
214,20,Male,5.98,5,0.41,1.31,4.26,New York
215,37,Female,4.39,22,1.29,2.11,0.99,Los Angeles
216,53,Female,4.71,13,0.14,0.2,4.37,New York
217,36,Male,7.17,29,3.16,2.25,1.76,Los Angeles
218,43,Male,8.63,23,2.13,2.89,3.61,New York
219,20,Male,7.19,21,2.74,2.85,1.6,Los Angeles
220,36,Male,7.06,24,0.87,1.66,4.53,Los Angeles
221,37,Male,3.69,13,1.48,1.58,0.63,New York
222,49,Male,4.74,18,3.32,0.53,0.89,Los Angeles
223,24,Female,9.13,23,4.83,1.83,2.47,Houston
224,58,Male,1.16,5,0.25,0.5,0.41,Phoenix
225,50,Female,9.26,24,4.45,3.83,0.98,Chicago
226,57,Female,12.43,8,2.88,4.83,4.72,Los Angeles
227,56,Male,12.55,16,2.82,4.85,4.88,Los Angeles
228,35,Female,8.71,26,2.5,4.33,1.88,Chicago
229,57,Female,7.97,20,0.35,3,4.62,Los Angeles
230,18,Female,6.67,19,0.45,3.5,2.72,Chicago
231,28,Female,5.78,6,3,1.43,1.35,New York
232,45,Female,8.36,25,1.7,3.15,3.51,Houston
233,42,Female,10.16,17,4.59,2.28,3.29,Houston
234,40,Male,9.39,13,2.03,2.41,4.95,Phoenix
235,48,Female,5.84,28,0.72,3.79,1.33,Los Angeles
236,47,Female,8.34,5,3.57,1.41,3.36,Phoenix
237,59,Female,3.32,5,1.47,1.59,0.26,New York
238,52,Male,7.82,18,2.63,4.62,0.57,Houston
239,24,Female,3.79,7,3.49,0.28,0.02,New York
240,33,Male,11.93,23,4.5,2.43,5,New York
241,43,Female,12.53,12,3.96,4.56,4.01,Los Angeles
242,19,Male,10.36,21,3.38,3.05,3.93,New York
243,18,Male,8.68,27,3.4,2.73,2.55,Houston
244,29,Female,7.48,6,4.73,1.25,1.5,Phoenix
245,22,Female,3.96,21,1.48,1.72,0.76,Houston
246,54,Male,5.69,13,0.01,4.26,1.42,Los Angeles
247,49,Female,6.04,4,1.36,2.8,1.88,Houston
248,26,Male,7.44,12,1.09,2.57,3.78,Chicago
249,58,Male,6.51,13,3.31,0.5,2.7,Phoenix
250,52,Male,3.64,27,3.17,0.08,0.39,Chicago
251,36,Male,7.88,22,2.97,4.82,0.09,Chicago
252,33,Male,2.47,18,0.08,1.88,0.51,Los Angeles
253,20,Female,8.71,21,3.64,3.02,2.05,New York
254,37,Male,6.69,25,1.62,0.4,4.67,Chicago
255,41,Male,9.94,26,3.33,3.42,3.19,Houston
256,50,Female,11.45,13,2.78,4.66,4.01,New York
257,41,Male,6.92,16,1.71,2.88,2.33,Houston
258,28,Female,3.11,4,0.67,0.63,1.81,Houston
259,25,Female,3.92,25,0.47,2.91,0.54,New York
260,53,Female,12.37,7,4.16,3.83,4.38,New York
261,55,Male,10.54,29,4.59,2.03,3.92,Houston
262,57,Male,8.49,7,3.25,4.4,0.84,Los Angeles
263,37,Male,6.32,21,0.52,3.24,2.56,Phoenix
264,52,Female,8.95,23,2.01,4.5,2.44,Phoenix
265,42,Male,9.89,14,3.64,3.12,3.13,Los Angeles
266,52,Female,9.29,20,3.9,0.66,4.73,New York
267,42,Male,5.04,6,0.59,1.55,2.9,Houston
268,46,Female,3.71,24,0,1.01,2.7,Phoenix
269,35,Male,8.35,19,3.56,4.54,0.25,Houston
270,35,Male,5.89,12,1.78,3.8,0.31,Los Angeles
271,19,Male,5.59,22,1.27,3.38,0.94,Houston
272,52,Female,1.72,8,0.06,1.5,0.16,Los Angeles
273,33,Female,7.34,27,2.7,0.92,3.72,New York
274,58,Male,11.66,16,4.26,3.78,3.62,Los Angeles
275,53,Male,7.84,13,4.79,2.37,0.68,Los Angeles
276,50,Female,8.14,13,2.83,1.13,4.18,Phoenix
277,21,Female,6.42,20,2.57,3.08,0.77,Houston
278,50,Female,2.14,29,0.43,0.2,1.51,Phoenix
279,31,Male,5.61,25,2.74,1.63,1.24,Chicago
280,38,Female,6.1,24,1.9,2.34,1.86,Los Angeles
281,37,Male,5.05,20,3.04,0.74,1.27,Chicago
282,25,Female,9.3,26,1.94,4.92,2.44,Phoenix
283,24,Male,4.29,25,1.2,1.05,2.04,Houston
284,20,Female,6.05,13,0.47,0.65,4.93,Phoenix
285,34,Female,2.87,23,1.57,1.02,0.28,Houston
286,50,Female,5.04,14,0.48,3.85,0.71,Houston
287,29,Female,3.27,7,0.88,2.13,0.26,New York
288,39,Female,10.9,25,4.94,2.83,3.13,Los Angeles
289,39,Male,2.6,11,2.22,0.11,0.27,Phoenix
290,47,Female,7.01,29,2.66,0.17,4.18,Houston
291,55,Female,9.16,27,4.37,2.23,2.56,Phoenix
292,55,Female,11.7,11,4.98,4.08,2.64,Phoenix
293,25,Male,10.15,24,2.91,4.43,2.81,Houston
294,44,Female,5.34,12,4.06,0.43,0.85,Chicago
295,44,Male,5.31,24,1.63,2.69,0.99,Los Angeles
296,51,Female,7.69,21,1.53,4.57,1.59,Los Angeles
297,38,Female,6.92,3,2.01,1.94,2.97,New York
298,47,Male,8.56,9,3.36,4.15,1.05,New York
299,50,Female,4.66,6,3.41,0.67,0.58,New York
300,45,Male,11.11,3,1.58,4.68,4.85,Los Angeles
301,50,Male,4.54,17,0.67,3.76,0.11,Chicago
302,22,Female,11.88,10,3.16,4.71,4.01,Los Angeles
303,36,Male,7.96,14,0.64,3.38,3.94,Los Angeles
304,21,Female,6.2,24,2.89,1.82,1.49,Los Angeles
305,52,Female,8.84,24,3.47,4.69,0.68,Los Angeles
306,34,Male,5.61,20,3.5,1.38,0.73,Chicago
307,45,Male,8.92,17,3.77,1.66,3.49,New York
308,47,Male,11.07,19,4.36,3.5,3.21,Phoenix
309,46,Male,10.24,16,2.5,3.83,3.91,New York
310,23,Female,12.99,16,3.65,4.65,4.69,New York
311,52,Female,7.58,20,3.1,1.02,3.46,Phoenix
312,58,Male,5.7,22,0.93,3.99,0.78,Los Angeles
313,54,Female,5.04,20,0.13,3.69,1.22,Chicago
314,41,Female,5.95,18,1.42,0.32,4.21,Chicago
315,46,Female,5.21,3,2.22,1.94,1.05,New York
316,48,Female,4.86,25,3.09,1.41,0.36,Phoenix
317,52,Male,9.29,29,4.25,1.52,3.52,Houston
318,50,Male,7.9,13,0.98,4.91,2.01,Los Angeles
319,38,Female,8.44,17,0.63,3.21,4.6,New York
320,49,Male,11.66,14,4.82,3.59,3.25,Chicago
321,40,Male,5.87,10,0.54,4.88,0.45,Phoenix
322,50,Male,9.02,24,2.39,1.89,4.74,Phoenix
323,20,Female,8.23,22,2.93,4.01,1.29,New York
324,35,Female,6.57,8,2.71,2.17,1.69,Houston
325,42,Female,6.79,5,0.43,4.35,2.01,Chicago
326,59,Male,1.45,26,0.29,0.9,0.26,New York
327,48,Female,7.75,28,0.53,4.74,2.48,Houston
328,20,Female,4.64,15,2.93,1.09,0.62,Phoenix
329,57,Male,6.35,15,2.72,1.63,2,Los Angeles
330,41,Female,6.7,4,1.17,3.78,1.75,Chicago
331,49,Female,9.02,7,3.19,1.97,3.86,Chicago
332,39,Male,11.16,19,4.1,3.04,4.02,Houston
333,40,Male,3.2,8,0.21,2.22,0.77,New York
334,19,Male,8.03,4,2.49,3.71,1.83,Phoenix
335,44,Female,6.46,6,3.45,1.14,1.87,Houston
336,59,Female,2.31,24,1.26,0.29,0.76,Los Angeles
337,19,Female,7.03,28,1.54,1.5,3.99,Los Angeles
338,43,Male,8.98,13,3.07,2.37,3.54,Los Angeles
339,34,Male,6.28,10,4.49,0.84,0.95,Houston
340,57,Female,7.65,14,4.05,1.77,1.83,Phoenix
341,50,Female,5.45,10,2.92,2,0.53,Chicago
342,26,Male,7.08,13,3.65,0.29,3.14,New York
343,56,Male,5.35,24,1.82,2.92,0.61,Chicago
344,46,Male,12.55,22,3.2,4.42,4.93,Phoenix
345,59,Male,6.99,10,2.33,0.76,3.9,Chicago
346,43,Female,5.89,10,0.95,2.99,1.95,Houston
347,52,Male,9.72,28,3.51,3.32,2.89,Los Angeles
348,42,Female,9.44,19,2.78,2.1,4.56,Phoenix
349,41,Female,8.07,22,1.79,3.51,2.77,Phoenix
350,30,Female,7.48,22,4.56,2.05,0.87,Chicago
351,24,Male,4.51,25,0.1,2.52,1.89,Houston
352,53,Male,5.84,18,1.58,0.04,4.22,Chicago
353,37,Male,6.96,16,0.28,3.46,3.22,Chicago
354,18,Male,10.39,13,3.83,3.31,3.25,Phoenix
355,25,Female,8.03,9,3.51,0.19,4.33,Chicago
356,33,Male,7.97,18,1.66,1.84,4.47,Los Angeles
357,31,Male,12.88,15,3.38,4.9,4.6,Chicago
358,29,Female,4.55,29,1.98,2.1,0.47,Los Angeles
359,40,Male,9.01,17,3.78,2.51,2.72,Phoenix
360,32,Female,10.52,26,2.27,4.55,3.7,Houston
361,45,Female,9.43,18,2.06,3.59,3.78,Los Angeles
362,51,Female,10.61,29,4.67,2.91,3.03,Houston
363,19,Female,6.07,23,1.25,3.99,0.83,Houston
364,49,Female,8.91,25,0.6,4.32,3.99,Los Angeles
365,40,Female,8.8,26,2.92,2.28,3.6,Phoenix
366,39,Female,7.66,11,4.85,2.38,0.43,New York
367,42,Female,6.14,5,1.89,1.93,2.32,Houston
368,39,Male,6.01,21,0.31,4.83,0.87,Houston
369,39,Male,6.88,22,1.7,3.49,1.69,Phoenix
370,59,Male,3.04,7,2.53,0.42,0.09,Phoenix
371,23,Male,7.12,12,0.81,4.31,2,Chicago
372,32,Female,8.44,19,3.29,2.4,2.75,Phoenix
373,54,Male,8.43,17,4.99,0.34,3.1,Houston
374,50,Female,8.33,25,2.26,2.75,3.32,Los Angeles
375,25,Male,8.04,27,1.77,2.09,4.18,New York
376,22,Male,7.47,10,2,4.39,1.08,Chicago
377,56,Male,2.2,17,0.58,1.02,0.6,Los Angeles
378,21,Female,12.81,23,4.42,4.13,4.26,New York
379,23,Male,5.64,16,2.07,2.79,0.78,New York
380,49,Female,7.08,22,1.94,0.27,4.87,New York
381,47,Female,12.37,9,3.3,4.86,4.21,Los Angeles
382,52,Male,7.27,23,2.21,2.56,2.5,Chicago
383,57,Male,9.6,25,3.24,1.45,4.91,Chicago
384,33,Male,3.15,14,0.31,2.35,0.49,New York
385,30,Female,9.88,19,4.07,4.29,1.52,Los Angeles
386,59,Male,9.41,19,4.7,1.52,3.19,New York
387,47,Female,5.95,12,3.24,0.96,1.75,Phoenix
388,36,Female,10.06,21,4.77,0.65,4.64,Chicago
389,34,Male,2.58,16,0.76,1.49,0.33,Houston
390,36,Male,9.04,13,2.39,3.9,2.75,New York
391,45,Female,8.32,4,3.01,2.36,2.95,Phoenix
392,43,Female,7.31,20,2.91,1.14,3.26,Chicago
393,54,Female,4.12,9,2.01,0.83,1.28,Los Angeles
394,43,Male,5.17,14,1.69,1.66,1.82,Chicago
395,40,Female,9.55,28,0.63,4.7,4.22,Los Angeles
396,26,Male,4.65,4,1.96,1.72,0.97,Los Angeles
397,29,Female,9.88,29,0.81,4.94,4.13,New York
398,18,Female,8.91,22,3.67,2.43,2.81,New York
399,18,Male,5.75,20,1.04,0.9,3.81,Chicago
400,51,Female,8.32,8,0.29,4.46,3.57,Phoenix
401,49,Male,6.1,26,2.76,2.3,1.04,Chicago
402,42,Male,9.37,12,2.98,3.55,2.84,Houston
403,57,Female,13.62,22,4.36,4.92,4.34,Los Angeles
404,18,Male,5.29,17,2.88,0.25,2.16,Los Angeles
405,33,Male,7.04,7,1.73,0.48,4.83,New York
406,56,Female,9.88,22,4.02,3.6,2.26,Phoenix
407,22,Male,4.82,5,2.7,1.41,0.71,New York
408,39,Male,3.27,7,0.4,0.92,1.95,Houston
409,46,Male,7.79,27,2.83,0.2,4.76,Chicago
410,20,Female,6.25,10,4.54,0.11,1.6,Chicago
411,29,Male,10.19,10,1.98,3.87,4.34,Phoenix
412,43,Female,6.56,10,1.48,0.67,4.41,New York
413,33,Female,4.81,14,0.72,2.34,1.75,New York
414,54,Male,4.21,26,0.76,3.03,0.42,Houston
415,39,Male,7.92,25,2.16,2.14,3.62,Chicago
416,46,Male,4.68,10,2.98,0.14,1.56,New York
417,31,Female,8.23,13,0.4,3.92,3.91,Phoenix
418,45,Male,6.96,16,4.7,0.05,2.21,Chicago
419,22,Male,10.02,10,3.78,3.81,2.43,Houston
420,47,Male,11.29,26,2.93,4.47,3.89,Phoenix
421,22,Male,8.21,12,4.14,2.16,1.91,Los Angeles
422,29,Male,5.3,9,0.4,2.68,2.22,Houston
423,33,Female,6.64,19,2.38,2.38,1.88,Phoenix
424,43,Female,6.94,6,3.15,1.95,1.84,New York
425,43,Male,11.21,15,4.14,4.44,2.63,Los Angeles
426,38,Male,12.43,6,3.92,4.47,4.04,Houston
427,56,Male,4.88,7,1.39,1.68,1.81,New York
428,53,Male,10.4,28,4.7,3.08,2.62,Los Angeles
429,50,Female,8.6,24,0.62,4.63,3.35,Chicago
430,47,Male,10.54,6,4.38,4.81,1.35,New York
431,54,Female,8.78,20,4.85,2.54,1.39,Phoenix
432,40,Female,7.82,8,0.89,2.26,4.67,Houston
433,27,Male,8.62,26,3.61,1.39,3.62,Los Angeles
434,22,Female,7.88,26,0.2,4.79,2.89,New York
435,53,Female,5.98,25,2.03,0.71,3.24,Chicago
436,51,Female,5.63,24,2.58,2.9,0.15,Houston
437,48,Female,7.4,4,2.9,1.41,3.09,Houston
438,27,Male,8.63,25,4.68,1.4,2.55,New York
439,36,Male,8.11,13,3.36,2.02,2.73,Chicago
440,49,Female,9.2,16,2.41,4.99,1.8,Los Angeles
441,18,Male,4.73,7,4.05,0.27,0.41,New York
442,22,Male,8.61,8,4.75,2.89,0.97,Los Angeles
443,21,Male,5.27,12,0.11,0.41,4.75,Houston
444,33,Male,7.72,10,4.91,0.77,2.04,Los Angeles
445,41,Male,4.96,16,0.43,2.2,2.33,Chicago
446,33,Female,6.88,26,4.07,2.55,0.26,Phoenix
447,19,Male,2.88,5,1.4,1.29,0.19,Chicago
448,45,Male,5.83,14,0.66,1.58,3.59,Los Angeles
449,49,Male,5.32,18,2.2,0.43,2.69,New York
450,44,Male,7.28,25,3.22,1.52,2.54,Houston
451,37,Female,7.95,19,1.9,4.83,1.22,Phoenix
452,41,Female,8.71,3,0.27,4.72,3.72,New York
453,29,Female,5.51,25,3,1.67,0.84,New York
454,52,Female,8.31,12,4.51,2.85,0.95,Chicago
455,50,Male,8.77,27,1.92,4.55,2.3,Los Angeles
456,50,Female,2.54,25,1.08,0.03,1.43,Chicago
457,54,Male,7.5,12,2.21,4.05,1.24,Los Angeles
458,29,Male,8.21,23,0.24,4.74,3.23,Chicago
459,20,Male,7.81,26,4.1,0.46,3.25,New York
460,18,Male,9.06,4,4.13,0.81,4.12,Houston
461,50,Male,9.83,11,2.94,4.8,2.09,Los Angeles
462,57,Female,4.83,24,1.77,2.69,0.37,Phoenix
463,27,Female,5.44,15,4,0.07,1.37,Phoenix
464,46,Female,8.96,27,2.77,1.29,4.9,New York
465,30,Female,9.36,18,4.13,2.25,2.98,Chicago
466,29,Male,10.17,20,3.16,3.46,3.55,Chicago
467,48,Female,7.63,21,3.92,3.67,0.04,New York
468,19,Male,10.56,14,2.99,4.98,2.59,Phoenix
469,52,Female,3.7,10,2.07,1.44,0.19,Phoenix
470,40,Male,10.33,19,4.79,2.69,2.85,Chicago
471,34,Male,9.98,17,2.71,2.67,4.6,Los Angeles
472,43,Female,9.9,12,3.03,2.03,4.84,Houston
473,25,Male,4.65,17,1.1,0.85,2.7,Los Angeles
474,46,Male,10.31,17,3.13,4.89,2.29,Phoenix
475,43,Female,11.86,25,2.86,4.27,4.73,Los Angeles
476,27,Male,6.78,9,0.92,2.49,3.37,Houston
477,43,Female,3.64,15,0.3,3.02,0.32,Los Angeles
478,51,Female,6.49,19,3.02,1.14,2.33,Los Angeles
479,58,Female,7.74,11,3.82,2.72,1.2,Los Angeles
480,24,Male,8.44,10,2.62,3.47,2.35,Los Angeles
481,21,Male,5.99,22,1.13,2.58,2.28,New York
482,28,Male,11.19,28,3.33,4.95,2.91,Phoenix
483,46,Female,5.24,29,0.4,3.06,1.78,Houston
484,53,Male,4.88,23,2.21,1.85,0.82,Phoenix
485,42,Female,7.2,20,0.82,3.86,2.52,New York
486,38,Female,5.92,15,0.92,0.85,4.15,New York
487,53,Male,6.25,18,1.01,1.92,3.32,New York
488,27,Female,5.35,11,1.93,1.73,1.69,New York
489,54,Male,7.1,14,0.26,2.16,4.68,Los Angeles
490,26,Male,10.46,14,1.99,3.91,4.56,Phoenix
491,41,Male,6.03,8,2.56,2.42,1.05,Chicago
492,52,Male,6.59,21,2.42,3.97,0.2,Houston
493,52,Male,8.5,9,1.91,2.88,3.71,New York
494,53,Female,10.05,27,4.2,1.71,4.14,Phoenix
495,35,Female,9.62,5,0.73,4.05,4.84,New York
496,56,Female,8.17,18,2.53,1.19,4.45,New York
497,49,Male,4.43,20,0.31,1.12,3,New York
498,41,Male,5.53,18,0.36,2.52,2.65,New York
499,40,Male,4.31,25,2.87,1.3,0.14,New York
500,49,Female,4.11,9,2.83,0.05,1.23,Houston
501,54,Male,9.93,6,4.39,3.24,2.3,Phoenix
502,29,Female,8.49,29,2.79,2.56,3.14,New York
503,30,Female,9.82,27,4.8,2.23,2.79,New York
504,40,Male,8.78,10,0.24,4.83,3.71,New York
505,42,Male,4.75,15,0.49,2.86,1.4,New York
506,52,Female,7.36,15,0.22,4.32,2.82,Los Angeles
507,58,Male,2.07,19,0.93,0.7,0.44,Los Angeles
508,47,Female,7.63,19,2.71,2.85,2.07,Chicago
509,34,Male,11.32,7,3.23,4.34,3.75,New York
510,37,Male,6.62,8,0.23,2.92,3.47,Chicago
511,42,Female,13.27,21,4.73,3.59,4.95,Houston
512,39,Male,7.46,15,4.21,1.86,1.39,Chicago
513,30,Female,4.43,27,1.48,0.46,2.49,Phoenix
514,36,Male,4.33,28,0.39,2.29,1.65,Los Angeles
515,53,Female,5.02,16,0.85,1.97,2.2,Los Angeles
516,29,Female,9.25,24,0.63,4.34,4.28,New York
517,58,Male,5.26,6,0.62,1.22,3.42,New York
518,36,Female,11.83,9,2.59,4.83,4.41,Houston
519,29,Male,7.04,10,1.23,4.79,1.02,Houston
520,26,Male,7.4,27,1.79,1.24,4.37,Phoenix
521,24,Male,6.99,15,4.95,1.74,0.3,New York
522,45,Female,12.34,29,3.42,4.48,4.44,New York
523,31,Female,11.22,8,4.74,4.83,1.65,Houston
524,48,Male,4.5,8,0.71,2.22,1.57,Houston
525,36,Male,6.07,26,1.91,1.6,2.56,Houston
526,33,Female,10.1,23,2.77,2.63,4.7,Los Angeles
527,22,Male,4.06,5,0.38,3.44,0.24,Chicago
528,52,Male,3.15,5,0.02,1.37,1.76,Chicago
529,29,Female,11.31,15,3.35,3.68,4.28,New York
530,42,Male,5.45,24,3.21,0.26,1.98,Los Angeles
531,38,Female,3.3,4,2.05,0.25,1,Houston
532,53,Male,6.5,18,2.45,1.93,2.12,New York
533,40,Female,5.78,24,2.08,1.77,1.93,Los Angeles
534,33,Male,6.28,8,0.12,1.58,4.58,Phoenix
535,56,Male,7.95,10,1.68,2.46,3.81,Los Angeles
536,59,Female,5.02,25,0.89,1.6,2.53,New York
537,56,Male,6.39,10,0.49,0.96,4.94,Chicago
538,31,Female,8.66,27,4.78,1.55,2.33,Houston
539,48,Male,8.16,8,3,4.87,0.29,Phoenix
540,22,Female,7.01,16,3.64,2.06,1.31,Los Angeles
541,52,Female,5.98,5,1.58,2.22,2.18,New York
542,40,Female,5.63,12,1.97,2.88,0.78,New York
543,46,Female,10.84,5,1.18,4.92,4.74,Houston
544,28,Male,5.52,29,0.48,1.21,3.83,New York
545,35,Male,5.65,14,0.9,3.41,1.34,New York
546,29,Female,10.52,19,3.99,3.58,2.95,Houston
547,26,Female,10.04,29,3.39,3.04,3.61,Phoenix
548,27,Female,7.88,7,2.73,0.44,4.71,Chicago
549,34,Male,10.17,22,2.38,3.38,4.41,Chicago
550,55,Male,7.51,27,4.61,0.32,2.58,Los Angeles
551,24,Male,7.21,11,0.36,2.98,3.87,Phoenix
552,30,Male,7.91,23,1.4,3.7,2.81,Los Angeles
553,57,Female,5.56,28,1.75,1.05,2.76,Chicago
554,59,Female,8.69,22,3.91,4.21,0.57,Houston
555,26,Female,5.74,9,4.96,0.15,0.63,New York
556,44,Male,8.07,24,1.2,4.22,2.65,Chicago
557,19,Male,8.01,6,4.37,2.3,1.34,Phoenix
558,22,Male,5.35,15,4.15,1.09,0.11,Chicago
559,46,Female,5.4,15,1.12,0.67,3.61,Phoenix
560,54,Female,6.93,12,2,4.77,0.16,Phoenix
561,55,Male,5.39,20,2.05,0.36,2.98,Phoenix
562,36,Female,8.59,19,4.89,1,2.7,Los Angeles
563,25,Male,7.48,22,0.9,1.74,4.84,Houston
564,18,Male,9.52,22,4,3.1,2.42,Chicago
565,39,Female,4.71,15,1.67,2.72,0.32,Houston
566,34,Male,7.04,19,3.65,0.63,2.76,New York
567,24,Female,7.76,24,2.1,1.45,4.21,Chicago
568,42,Male,9.06,6,2.89,1.19,4.98,Houston
569,21,Female,7.38,3,4.16,1.07,2.15,Houston
570,53,Female,7.68,3,4.02,2.06,1.6,New York
571,23,Female,12.38,17,4.33,3.52,4.53,Phoenix
572,48,Male,2.35,15,0.3,1.09,0.96,Chicago
573,36,Male,8.37,19,3.46,1.83,3.08,Chicago
574,56,Female,4.68,26,0.7,1.95,2.03,New York
575,44,Female,7.17,28,2.08,4.88,0.21,Phoenix
576,27,Male,9.25,10,2.74,4.77,1.74,Chicago
577,43,Male,7.34,20,2.01,4,1.33,Chicago
578,36,Male,7.24,29,2.6,1.21,3.43,Chicago
579,56,Female,10.06,15,4.98,0.34,4.74,Phoenix
580,20,Male,3.6,25,0.68,1.58,1.34,New York
581,30,Male,8.77,16,3.38,1.33,4.06,Chicago
582,45,Female,4.79,10,1.98,2.53,0.28,Houston
583,37,Male,7.25,10,0.67,3.89,2.69,Phoenix
584,45,Male,5.43,29,0.79,4.29,0.35,Los Angeles
585,25,Male,13.64,28,4.75,4.22,4.67,New York
586,58,Female,10.03,17,4.4,1.8,3.83,Houston
587,56,Female,11.27,29,4.54,3.44,3.29,Chicago
588,18,Female,10.64,15,4.96,1.56,4.12,Los Angeles
589,20,Female,4.58,9,1.04,0.3,3.24,New York
590,30,Female,10.13,7,1.78,3.51,4.84,Phoenix
591,45,Female,6.97,19,3.35,0.05,3.57,Los Angeles
592,42,Female,9.09,27,2.42,2.05,4.62,Los Angeles
593,50,Male,6.33,18,2.09,1.65,2.59,Houston
594,55,Male,5.85,25,1.79,3.47,0.59,New York
595,23,Female,9.44,4,2.97,3.83,2.64,Houston
596,49,Male,5.03,24,2.88,1.52,0.63,Houston
597,38,Male,7.83,20,0.81,4.06,2.96,Chicago
598,33,Female,6.24,19,2.36,1.47,2.41,Phoenix
599,38,Male,8.11,9,2.77,2.23,3.11,Los Angeles
600,28,Male,6.54,15,2.85,3.64,0.05,New York
601,54,Male,5.48,20,1.05,3.46,0.97,Phoenix
602,53,Male,11.11,16,3.71,4.94,2.46,Phoenix
603,52,Male,6.01,20,0.13,1.13,4.75,New York
604,36,Female,7,15,1.77,3.31,1.92,Phoenix
605,37,Female,9.07,13,3.9,3.05,2.12,Chicago
606,35,Female,10.97,23,2.82,4.58,3.57,Phoenix
607,58,Male,5.11,23,1.31,0.78,3.02,Chicago
608,31,Female,8.72,18,3.47,3.76,1.49,Los Angeles
609,32,Male,7.73,25,2.84,2.84,2.05,Los Angeles
610,48,Male,6.44,19,3.98,1.37,1.09,Houston
611,18,Male,10.88,10,3.68,2.37,4.83,Chicago
612,20,Male,5.37,21,3.05,1.67,0.65,Los Angeles
613,33,Female,7.2,22,2.44,2.9,1.86,Phoenix
614,40,Female,5.25,17,0.67,4.45,0.13,New York
615,28,Male,5.27,11,1.31,2.85,1.11,New York
616,29,Female,9.16,22,2.1,3.16,3.9,Chicago
617,27,Male,6.6,12,3,2.59,1.01,Houston
618,49,Female,3.23,14,2.57,0.26,0.4,Phoenix
619,33,Female,4.97,23,1.44,1.16,2.37,Chicago
620,25,Male,2.54,25,0.03,2.46,0.05,New York
621,55,Female,4.45,22,2.48,1.55,0.42,Chicago
622,29,Male,6.38,3,1.43,0.91,4.04,Phoenix
623,41,Female,10.05,27,3.67,2.52,3.86,Los Angeles
624,45,Male,6.31,22,0.12,1.61,4.58,Phoenix
625,25,Male,8.48,11,2.92,1.29,4.27,Los Angeles
626,45,Female,10.45,24,4.71,2.32,3.42,Los Angeles
627,53,Female,1.8,17,0.87,0.67,0.26,Los Angeles
628,43,Male,10.91,3,2.36,4.64,3.91,Chicago
629,25,Female,9.03,14,0.46,4.34,4.23,New York
630,45,Female,10.67,5,3.13,3.54,4,Chicago
631,45,Male,5.82,13,2.75,0.53,2.54,New York
632,54,Male,7.08,4,2.04,3.88,1.16,Phoenix
633,58,Female,10.88,18,2.61,4.04,4.23,Houston
634,53,Male,11.96,11,4.48,3.84,3.64,Phoenix
635,44,Male,6.45,17,0.98,0.57,4.9,Chicago
636,34,Male,4.11,14,0.11,3.22,0.78,Chicago
637,26,Female,9.61,3,4.31,4.17,1.13,New York
638,50,Female,6.84,15,2.89,2.89,1.06,Chicago
639,37,Male,11.64,16,4.45,3.23,3.96,Los Angeles
640,30,Female,6.2,27,2.98,2.29,0.93,Chicago
641,45,Male,7.02,27,4.05,2.64,0.33,New York
642,46,Female,7.31,10,2.15,0.17,4.99,New York
643,30,Male,7.06,10,3.75,3.19,0.12,Los Angeles
644,52,Male,9.16,29,4.57,0.41,4.18,New York
645,23,Female,6.87,14,2.86,2.18,1.83,Houston
646,35,Male,6.57,3,0.9,1.46,4.21,Phoenix
647,22,Female,6.84,13,1.34,2.73,2.77,Chicago
648,42,Female,6.17,10,0.99,0.67,4.51,Houston
649,19,Male,9.32,12,1.23,3.46,4.63,Chicago
650,27,Male,5.56,21,1.53,3.98,0.05,Houston
651,47,Female,3.98,13,2.78,0.82,0.38,Chicago
652,22,Male,4.71,9,2.94,0.52,1.25,Los Angeles
653,50,Male,6.21,13,2.13,0.73,3.35,New York
654,18,Male,11.91,19,3.08,4.39,4.44,New York
655,35,Male,5.35,3,0.41,2.64,2.3,Los Angeles
656,49,Male,5.81,28,0.44,2.34,3.03,Houston
657,28,Female,2.33,23,0.86,0.53,0.94,Phoenix
658,38,Female,9.86,23,2.59,3.25,4.02,Houston
659,43,Male,10.25,10,1.07,4.34,4.84,New York
660,42,Male,6.9,25,1.42,4.14,1.34,Phoenix
661,39,Male,7.6,26,2,3.13,2.47,Chicago
662,44,Female,4.87,8,4.06,0.38,0.43,Phoenix
663,30,Male,3.43,24,0.07,0.56,2.8,Houston
664,50,Female,6.01,20,3.25,0.25,2.51,Los Angeles
665,51,Female,5.35,8,3.34,1.29,0.72,Chicago
666,58,Female,6.88,7,3.99,0.68,2.21,Houston
667,52,Male,7.63,15,4.66,1.3,1.67,Chicago
668,18,Female,4.64,21,0.1,1.93,2.61,Phoenix
669,38,Male,8.41,24,0.77,4.71,2.93,New York
670,23,Female,7.52,10,4.43,3.05,0.04,Houston
671,45,Male,10.27,11,2.29,4.17,3.81,Los Angeles
672,34,Female,9.94,19,2.82,3.55,3.57,Phoenix
673,22,Male,5.71,5,3.32,0.56,1.83,Houston
674,48,Female,7.34,21,3.4,3.68,0.26,Los Angeles
675,22,Male,9.81,13,4.66,1.38,3.77,Houston
676,55,Male,12.96,26,4.98,3.2,4.78,Phoenix
677,20,Male,6.5,19,3.6,1.7,1.2,Houston
678,40,Male,8.05,23,1.44,4.99,1.62,Chicago
679,54,Female,6.64,21,4.4,1.32,0.92,Phoenix
680,54,Female,4.53,4,0.25,1.4,2.88,Houston
681,27,Male,6.58,10,1.16,4.65,0.77,New York
682,27,Female,6.39,21,4.49,0.12,1.78,Houston
683,36,Male,8.25,9,1.28,3.48,3.49,Chicago
684,34,Male,7.53,29,1.1,3.63,2.8,Los Angeles
685,38,Female,6.8,19,0.69,4.18,1.93,Los Angeles
686,31,Male,11.27,8,4.3,4.87,2.1,Los Angeles
687,26,Male,10.19,21,2.5,4.88,2.81,New York
688,18,Female,3.73,26,3.37,0.33,0.03,Chicago
689,30,Male,5.7,8,1.2,4.11,0.39,Phoenix
690,21,Male,11.43,4,3.79,3.23,4.41,Los Angeles
691,18,Male,7.43,8,3.8,3.24,0.39,Chicago
692,57,Male,5.73,25,1.56,0.64,3.53,Houston
693,49,Female,9.9,7,2.05,3.25,4.6,New York
694,51,Female,7.31,21,1.05,4.91,1.35,Chicago
695,45,Female,11.29,22,4.88,4.56,1.85,Chicago
696,48,Male,8.27,6,3.23,2.2,2.84,Phoenix
697,25,Male,9.28,24,4.67,0.2,4.41,Chicago
698,56,Female,8.04,28,1.52,1.81,4.71,Phoenix
699,43,Male,11.74,19,3.91,4.13,3.7,New York
700,51,Male,7.77,13,3.83,3.51,0.43,New York
701,20,Male,9.11,6,3.46,2.3,3.35,Houston
702,29,Male,7.16,28,4.83,0.28,2.05,Phoenix
703,18,Female,6.45,15,1.97,2.13,2.35,Phoenix
704,22,Female,3.25,22,0.65,2.35,0.25,Los Angeles
705,47,Female,8.96,28,3.36,4.64,0.96,Los Angeles
706,47,Male,10.81,19,3.65,3.21,3.95,Houston
707,34,Female,6.71,11,2.88,1.56,2.27,New York
708,40,Female,5.17,6,1.03,2.63,1.51,Los Angeles
709,32,Male,4.77,25,2.52,0.33,1.92,Chicago
710,54,Male,10.69,16,1.56,4.86,4.27,New York
711,38,Female,7.68,21,2.14,1.8,3.74,Chicago
712,31,Female,6.98,28,3.23,2.39,1.36,Phoenix
713,19,Female,6.1,5,3.73,1.78,0.59,New York
714,28,Female,5.83,16,1.16,3.41,1.26,Houston
715,56,Male,9.94,10,2.03,3.31,4.6,Phoenix
716,55,Female,7.84,26,1.35,3.58,2.91,Phoenix
717,51,Female,5,29,0.99,1.34,2.67,Chicago
718,55,Male,8.48,3,3.92,1.58,2.98,Phoenix
719,51,Female,7.01,12,4.55,0.63,1.83,Los Angeles
720,35,Male,9.17,20,1.85,3.28,4.04,New York
721,47,Male,6.58,18,3.76,0.2,2.62,Los Angeles
722,32,Male,8.05,10,4.48,2.99,0.58,Chicago
723,44,Female,9.23,3,4.23,4.35,0.65,Chicago
724,51,Female,8.04,14,0.91,4.45,2.68,New York
725,55,Male,11.71,10,4.78,2.25,4.68,Phoenix
726,50,Female,5.72,26,1.88,2.3,1.54,Houston
727,41,Female,6.43,18,1.7,0.38,4.35,Chicago
728,32,Male,7.48,20,0.31,3.35,3.82,New York
729,47,Male,7.78,6,2.43,4.11,1.24,Houston
730,59,Female,1.95,8,0.55,1.22,0.18,Phoenix
731,34,Male,3.86,14,1.24,2.11,0.51,Chicago
732,22,Female,9.41,29,1.58,4.19,3.64,New York
733,46,Female,9.43,11,4.04,4.39,1,New York
734,21,Female,7.46,17,4.38,1.22,1.86,New York
735,27,Female,6.77,18,1.51,2.75,2.51,Chicago
736,34,Male,8.88,26,4.29,0.96,3.63,Houston
737,27,Male,5.37,14,4.29,0.51,0.57,New York
738,34,Male,10.41,26,3.82,4.56,2.03,Phoenix
739,37,Male,7.26,25,0.73,4.1,2.43,New York
740,41,Female,9.95,16,3.45,3.8,2.7,Houston
741,22,Female,9.06,15,4.73,0.24,4.09,Chicago
742,51,Male,8.49,27,3.41,4.22,0.86,New York
743,23,Female,7.89,4,1.66,2.19,4.04,New York
744,19,Female,7.67,5,2.5,1.71,3.46,Phoenix
745,30,Female,8.74,28,3.23,2.73,2.78,Phoenix
746,28,Male,6.51,26,2.55,0.46,3.5,New York
747,40,Male,6.44,24,0.6,3.78,2.06,New York
748,33,Male,5.16,12,1.56,2.91,0.69,Phoenix
749,48,Female,8.27,11,4.01,0.93,3.33,Houston
750,28,Male,7.87,28,4.31,0.94,2.62,Los Angeles
751,33,Male,4.81,22,0.69,0.92,3.2,Los Angeles
752,25,Male,6.74,10,4.76,0.29,1.69,New York
753,21,Male,9.11,12,1.64,2.94,4.53,Phoenix
754,57,Male,10.45,21,3.31,4.2,2.94,Chicago
755,21,Male,4.28,5,3.76,0.09,0.43,Chicago
756,42,Female,6.56,26,4.06,0.25,2.25,Los Angeles
757,20,Female,11.37,7,4.73,2.86,3.78,Houston
758,49,Male,9.63,5,1.56,4.1,3.97,Los Angeles
759,20,Male,8.39,28,4.29,1.63,2.47,New York
760,44,Female,6.88,29,0.66,1.75,4.47,Houston
761,46,Female,7.85,18,3.53,2.98,1.34,Chicago
762,49,Male,7.13,19,3.71,1.37,2.05,Phoenix
763,36,Male,8.01,17,3.39,0.13,4.49,Phoenix
764,38,Male,9.42,5,1.26,3.68,4.48,New York
765,22,Male,10.93,14,4.37,3.13,3.43,Los Angeles
766,35,Female,8.03,11,0.84,2.9,4.29,New York
767,45,Male,4.42,23,0.27,3.71,0.44,Phoenix
768,59,Male,11.29,14,3.59,3.38,4.32,Chicago
769,39,Male,5.01,28,2.38,1.03,1.6,Phoenix
770,38,Male,6.9,17,4.25,1.76,0.89,Houston
771,23,Female,3.75,4,1.92,0.63,1.2,Phoenix
772,18,Female,3.58,25,0.84,0.65,2.09,Phoenix
773,22,Female,8.82,20,4.18,3.38,1.26,Houston
774,58,Male,8.63,22,2.74,4.29,1.6,Los Angeles
775,29,Male,6.43,14,0.95,4.81,0.67,Phoenix
776,43,Female,8.22,25,3.6,3.14,1.48,New York
777,51,Male,6.34,6,2.56,0.92,2.86,Phoenix
778,31,Male,5.76,25,3.02,0.53,2.21,New York
779,43,Female,8.09,18,2.3,4.06,1.73,Houston
780,44,Female,10.76,25,4.14,2.89,3.73,Phoenix
781,26,Female,11.71,18,4.15,3.09,4.47,Houston
782,43,Female,11.24,3,3.55,3.91,3.78,Houston
783,39,Male,5.71,24,0.53,3.52,1.66,Los Angeles
784,47,Male,12.08,27,4.19,4.17,3.72,Phoenix
785,34,Female,4.4,4,3.36,0.28,0.76,New York
786,43,Male,7.88,5,3.49,3.74,0.65,New York
787,53,Female,7.79,28,1.81,4.25,1.73,Phoenix
788,18,Female,9.87,23,4.4,1.43,4.04,Los Angeles
789,25,Male,8.06,27,3.63,3.2,1.23,Los Angeles
790,52,Female,2.45,22,0.56,1.57,0.32,Los Angeles
791,32,Male,7.49,19,2.04,4.79,0.66,New York
792,39,Male,8.89,22,4.43,0.17,4.29,Houston
793,31,Male,6.31,24,0.24,2.9,3.17,Los Angeles
794,43,Male,6.91,23,4.81,0.83,1.27,New York
795,45,Female,9.74,3,3.4,3.56,2.78,New York
796,40,Male,6.68,22,3.16,0.88,2.64,Houston
797,31,Female,5.81,8,1.35,1.18,3.28,Phoenix
798,41,Female,4.88,17,1.24,2.47,1.17,Phoenix
799,19,Female,13.6,28,4.71,4.57,4.32,Los Angeles
800,43,Female,4.1,28,1.49,1.06,1.55,Los Angeles
801,31,Male,8.07,16,3.88,0.72,3.47,Houston
802,24,Male,5.84,22,1.97,3.79,0.08,Los Angeles
803,20,Female,5.06,17,0.7,2.5,1.86,Houston
804,40,Female,6.37,16,0.05,4.56,1.76,New York
805,35,Male,6.17,27,2.72,0.73,2.72,Los Angeles
806,55,Female,8.47,23,4.88,3.23,0.36,New York
807,52,Male,6.96,26,1.85,1.16,3.95,Chicago
808,32,Female,3.66,27,1.79,0.78,1.09,Houston
809,42,Male,8.53,28,1.72,3.42,3.39,Chicago
810,54,Female,9.59,7,2.6,2.97,4.02,Los Angeles
811,45,Female,8.78,8,2.2,3.77,2.81,New York
812,27,Male,9.65,19,4.4,1.55,3.7,Los Angeles
813,56,Female,8.08,13,2.53,2.24,3.31,Chicago
814,34,Female,6.35,18,2.54,2.03,1.78,Los Angeles
815,56,Male,9.65,14,0.69,4.92,4.04,Phoenix
816,39,Female,7.84,17,4.91,1.46,1.47,Chicago
817,43,Male,5.58,25,1.25,1.47,2.86,Los Angeles
818,42,Male,5.87,6,0.37,1.77,3.73,New York
819,34,Female,8.03,29,3.32,2.82,1.89,Los Angeles
820,30,Female,5.75,20,2.98,1.26,1.51,New York
821,37,Female,8.96,23,2.08,4.58,2.3,Phoenix
822,42,Female,7.53,5,2.11,1.33,4.09,Los Angeles
823,21,Female,13.06,24,3.93,4.48,4.65,Phoenix
824,27,Female,4.23,10,0.98,0.52,2.73,Chicago
825,20,Female,10.69,25,4.1,3.28,3.31,New York
826,58,Male,12.29,5,3.24,4.53,4.52,Chicago
827,35,Female,3.42,10,2.09,0.84,0.49,New York
828,53,Male,8.29,20,2.29,4.84,1.16,Phoenix
829,39,Female,7.08,12,1.28,2.26,3.54,Houston
830,51,Female,12.61,27,3.76,4.73,4.12,Los Angeles
831,25,Male,10.23,22,2.56,3.38,4.29,Phoenix
832,57,Female,5.19,19,1.6,1.51,2.08,New York
833,36,Female,4.37,10,2.98,0.94,0.45,New York
834,59,Male,8.69,25,4.98,1.52,2.19,New York
835,58,Female,3.8,13,2.18,0.47,1.15,New York
836,54,Female,6.78,7,4.6,0.72,1.46,Los Angeles
837,23,Female,6.11,28,1.73,0.52,3.86,Chicago
838,43,Male,2.76,15,0.27,2.11,0.38,Houston
839,51,Female,9.14,23,1.02,3.98,4.14,Los Angeles
840,23,Female,4.94,25,2.09,0.71,2.14,New York
841,54,Female,4.73,7,1.1,0.65,2.98,Los Angeles
842,50,Female,3.67,26,0,3.22,0.45,Phoenix
843,39,Male,7.26,29,4.58,0.99,1.69,New York
844,38,Male,5.16,15,4.22,0.49,0.45,Houston
845,23,Female,9.35,8,3.71,0.83,4.81,New York
846,23,Female,9.5,7,0.84,4.62,4.04,Houston
847,21,Male,7.01,11,0.6,4.11,2.3,Houston
848,47,Male,3.23,29,0.34,1.77,1.12,Chicago
849,28,Female,11.57,18,3.62,3.28,4.67,Chicago
850,47,Male,9.05,4,4.64,2.69,1.72,Los Angeles
851,48,Female,6.34,3,2.15,3.39,0.8,Los Angeles
852,41,Male,6.83,10,0.6,3.41,2.82,Houston
853,26,Male,10.42,21,2.56,3.14,4.72,New York
854,20,Male,3.09,13,1.74,1.33,0.02,Phoenix
855,48,Male,3.26,14,1.87,0.2,1.19,Phoenix
856,57,Female,10.08,14,3.11,2.28,4.69,New York
857,54,Male,8.9,9,3.59,4.45,0.86,New York
858,53,Male,3.97,28,0.55,2.85,0.57,Chicago
859,41,Female,7.19,15,0.18,4.16,2.85,Phoenix
860,48,Male,14.24,29,4.97,4.96,4.31,Houston
861,23,Male,4.37,10,1.16,0.82,2.39,Los Angeles
862,19,Female,8.7,24,0.27,3.46,4.97,Chicago
863,37,Male,7.72,28,0.95,3.37,3.4,Phoenix
864,45,Female,5.46,11,0.19,4.9,0.37,New York
865,28,Female,11.85,9,1.96,4.93,4.96,Phoenix
866,21,Female,9.48,28,4.01,3.43,2.04,Houston
867,32,Female,4.37,23,1.71,1.22,1.44,Chicago
868,23,Male,9,26,2.22,3.99,2.79,New York
869,47,Female,5.44,17,3.38,0.54,1.52,Houston
870,55,Male,6.87,4,2.54,3.9,0.43,Los Angeles
871,19,Male,8.87,25,4.31,4.55,0.01,Chicago
872,32,Male,8.49,22,4.33,1.91,2.25,Houston
873,28,Male,7.38,27,0.05,3.15,4.18,Houston
874,25,Male,8.9,14,3.89,2.15,2.86,New York
875,43,Male,9.49,3,2.3,2.19,5,Los Angeles
876,22,Male,7.92,25,4.94,1.55,1.43,Houston
877,23,Male,7.63,24,2.42,3.81,1.4,Chicago
878,43,Male,10.41,10,4.93,4.68,0.8,Houston
879,21,Male,9.29,7,3.77,4.7,0.82,Phoenix
880,36,Female,3.54,17,1.24,0.87,1.43,Chicago
881,37,Female,11.02,3,2.69,4.37,3.96,Chicago
882,50,Female,13.18,3,4.96,3.69,4.53,Houston
883,37,Male,10.43,27,4.29,1.26,4.88,New York
884,29,Female,1.99,12,0.49,0.34,1.16,Chicago
885,18,Female,9.28,24,3.53,1.34,4.41,Phoenix
886,43,Female,7.93,12,1.73,4.56,1.64,New York
887,31,Male,3.76,23,0.03,3.17,0.56,New York
888,55,Male,9.98,17,2.02,3.61,4.35,New York
889,54,Male,5.64,19,1.17,1.29,3.18,Chicago
890,28,Male,8.51,24,4.09,3.6,0.82,New York
891,53,Female,3.98,8,1.69,0.14,2.15,Houston
892,30,Female,7.46,5,4.14,1.88,1.44,New York
893,20,Female,6.81,15,0,3.13,3.68,Phoenix
894,50,Female,4.54,18,1.54,0.73,2.27,Los Angeles
895,23,Male,10.28,10,1.21,4.12,4.95,Phoenix
896,27,Male,2.62,17,1.17,1.18,0.27,Chicago
897,22,Male,5.38,19,0.34,3.26,1.78,New York
898,40,Female,5.38,19,0.94,2.03,2.41,New York
899,27,Male,8.28,24,2.78,2.98,2.52,Houston
900,19,Male,3.58,28,1.46,0.54,1.58,New York
901,30,Female,5.82,15,2.09,0.08,3.65,Phoenix
902,57,Female,10.8,19,1.88,4.55,4.37,Chicago
903,19,Male,10.42,8,4.38,1.35,4.69,Los Angeles
904,37,Male,12.66,19,4.53,4.1,4.03,New York
905,18,Male,11.71,18,2.46,5,4.25,Los Angeles
906,54,Male,5.46,16,1.65,1.06,2.75,New York
907,26,Male,5.99,15,0.53,1.33,4.13,Chicago
908,34,Male,9.6,8,4.77,3.31,1.52,Phoenix
909,26,Female,7.12,5,0.3,4.83,1.99,Chicago
910,28,Female,7.65,16,1.49,4.58,1.58,Los Angeles
911,32,Female,6.34,16,1.49,2.51,2.34,New York
912,41,Male,7.01,17,1.6,3.98,1.43,Los Angeles
913,55,Female,6.31,10,0.82,0.68,4.81,Phoenix
914,52,Male,10.37,17,3.92,4.89,1.56,Chicago
915,47,Male,5.92,24,0.61,4.82,0.49,Los Angeles
916,48,Female,6.62,29,3.17,0.82,2.63,Los Angeles
917,22,Male,2.41,15,0.62,1.5,0.29,Phoenix
918,31,Male,1.4,19,0.35,0.5,0.55,New York
919,28,Female,7.01,23,4.55,1.36,1.1,Los Angeles
920,26,Female,7.35,26,0.95,4.08,2.32,Phoenix
921,51,Female,8.17,5,4.11,1.89,2.17,New York
922,29,Male,7.16,8,2.72,0.44,4,New York
923,52,Female,5.8,7,0.39,1.71,3.7,Chicago
924,52,Female,11.82,24,4.78,4.91,2.13,Phoenix
925,18,Male,6.05,28,1.23,3.15,1.67,New York
926,57,Female,7.96,19,4.3,2.08,1.58,Chicago
927,39,Female,5.54,25,0.84,0.83,3.87,Houston
928,46,Female,9.46,27,4.27,4.93,0.26,Phoenix
929,25,Male,4.23,4,0.07,4.1,0.06,Houston
930,28,Male,7.95,28,2.56,1.41,3.98,New York
931,58,Male,6.59,17,3.85,0.35,2.39,Phoenix
932,54,Male,5.6,7,4.67,0.28,0.65,Chicago
933,31,Female,6.33,28,4.55,0.6,1.18,New York
934,47,Male,11.66,22,4.1,2.9,4.66,Phoenix
935,52,Male,13.38,8,4.44,4.64,4.3,Phoenix
936,38,Female,7.03,8,1,2.48,3.55,Houston
937,54,Female,8.04,29,1.42,4.21,2.41,New York
938,22,Female,6.27,20,1.44,2.23,2.6,Chicago
939,36,Male,10.31,20,1.89,3.54,4.88,Chicago
940,31,Male,10.46,6,1.97,3.66,4.83,New York
941,43,Male,4.67,19,2.72,0.87,1.08,New York
942,21,Female,6.67,27,0.8,1.81,4.06,Los Angeles
943,42,Female,7.64,16,3.46,3.19,0.99,Houston
944,59,Male,2.26,16,0.84,0.35,1.07,New York
945,42,Female,6.74,15,1.55,1.81,3.38,New York
946,35,Female,7.22,9,2.52,2.67,2.03,Los Angeles
947,57,Female,13.62,14,3.98,4.98,4.66,Los Angeles
948,25,Male,6.52,25,3.7,2.37,0.45,Phoenix
949,56,Female,9.87,17,3.23,4.08,2.56,Chicago
950,57,Female,7.53,21,0.78,2.16,4.59,Houston
951,31,Male,11.24,13,2.74,3.98,4.52,Phoenix
952,49,Male,4.2,17,0.44,2.98,0.78,New York
953,55,Female,8.15,14,1.89,4.43,1.83,Los Angeles
954,50,Female,7.22,5,2.07,2.05,3.1,Chicago
955,40,Male,4.02,19,0.2,3.02,0.8,Phoenix
956,32,Male,9.36,5,1.37,3.15,4.84,Chicago
957,50,Female,11.44,21,4.78,2.09,4.57,Los Angeles
958,42,Female,6.32,22,4.77,0.72,0.83,Phoenix
959,34,Female,2.84,6,1.76,0.47,0.61,Phoenix
960,50,Female,0.73,5,0.22,0.08,0.43,Chicago
961,19,Male,9.82,28,0.9,4.37,4.55,Los Angeles
962,31,Female,4.11,18,1.96,1.18,0.97,New York
963,57,Female,7.88,14,4.74,1.06,2.08,Phoenix
964,57,Male,6.63,10,0.71,3.68,2.24,New York
965,56,Female,8.42,26,3.82,1.6,3,Los Angeles
966,23,Male,3.43,19,0.54,2.53,0.36,Phoenix
967,23,Female,6.85,9,4.91,0.81,1.13,Phoenix
968,20,Female,11.37,13,1.91,4.8,4.66,New York
969,24,Male,12.68,20,3.88,4.26,4.54,Houston
970,25,Male,9.94,3,1.71,4.32,3.91,New York
971,59,Female,5.27,5,3.14,2.03,0.1,New York
972,32,Female,6.41,6,0.96,3.81,1.64,Houston
973,46,Female,4.59,15,0.73,0.72,3.14,Los Angeles
974,50,Male,6.11,8,4.69,0.04,1.38,Los Angeles
975,47,Female,9.24,28,4.59,0.1,4.55,Phoenix
976,56,Male,10.54,16,4.44,2.93,3.17,Chicago
977,44,Male,5.77,7,3.13,2.28,0.36,Chicago
978,53,Female,11.18,18,4.04,2.59,4.55,Phoenix
979,46,Male,5.18,17,0.35,0.04,4.79,Chicago
980,55,Female,4.17,17,1.67,2.11,0.39,New York
981,50,Female,7.82,6,1.57,3.59,2.66,New York
982,54,Female,6.91,10,3.18,2.21,1.52,Houston
983,44,Female,7.4,29,1.78,3.66,1.96,Houston
984,50,Female,2.81,18,0.74,1.17,0.9,Phoenix
985,21,Male,9.94,18,2.98,4.07,2.89,Phoenix
986,39,Male,11.8,6,4.07,2.94,4.79,Phoenix
987,19,Female,5.48,15,1.91,1.05,2.52,New York
988,27,Female,2.25,28,0.66,1.18,0.41,Chicago
989,22,Male,7.22,15,0.98,3.14,3.1,Phoenix
990,27,Male,7.04,4,1.19,4.15,1.7,Phoenix
991,50,Male,7.86,5,1.5,2.08,4.28,New York
992,55,Male,6.67,24,3.21,1.29,2.17,New York
993,30,Female,8.3,10,3,4.34,0.96,New York
994,48,Female,7.79,26,3.48,3.35,0.96,Chicago
995,53,Male,7.89,17,1.81,2.24,3.84,Phoenix
996,41,Female,7.89,13,4.12,2.44,1.33,Los Angeles
997,32,Male,5.88,11,1.02,1.02,3.84,Los Angeles
998,46,Female,6.51,9,2.35,3.13,1.03,Phoenix
999,25,Male,7.4,15,4,1.79,1.61,Phoenix
1000,22,Female,8.21,4,0.9,4.98,2.33,Phoenix
